Especie,Densidad (g/cm3)
Abarema jupunba,"0,59"
Abuta rufescens,"0,45"
Acacia albicorticata,"0,49"
Acacia aroma,"0,81"
Acacia caven,"0,78"
Acacia dealbata,"0,57"
Acacia furcatispina,"0,87"
Acacia macracantha,"0,73"
Acacia melanoxylon,"0,57"
Acacia polyphylla,"0,63"
Acacia praecox,"0,77"
Acacia richii,"0,70"
Acacia tenuifolia,"0,49"
Acacia tucumanensis,"0,63"
Acacia visco,"0,69"
Acanthosyris falcata,"0,65"
Acanthosyris glabrata,"0,60"
Acca sellowiana,"0,75"
Acioa edulis,"0,82"
Acioa guianensis,"0,86"
Acmanthera latifolia,"0,69"
Acosmium dasycarpum,"0,70"
Acosmium nitens,"0,80"
Acosmium panamense,"0,81"
Acosmium praeclarum,"0,68"
Actinostemon lanceolatus,"0,91"
Adiscanthus fusciflorus,"0,82"
Aegiphila integrifolia,"0,86"
Aegiphila intermedia,"0,43"
Aegiphila klotzkiana,"0,68"
Agonandra brasiliensis,"0,82"
Agonandra silvatica,"0,83"
Aiouea impressa,"0,37"
Albizia guachapele,"0,51"
Albizia indet,"0,45"
Albizia inundata,"0,58"
Albizia marginata,"0,65"
Albizia niopoides,"0,63"
Albizia pistaciifolia,"0,45"
Albizia saman,"0,50"
Alchornea brachygyne,"0,34"
Alchornea castaneifolia,"0,34"
Alchornea glandulosa,"0,38"
Alchornea grandis,"0,34"
Alchornea iricurana,"0,51"
Alchornea latifolia,"0,49"
Alchornea schomburgkii,"0,46"
Alchornea triplinervia,"0,47"
Alchorneopsis trimera,"0,36"
Aldina heterophylla,"0,75"
Aldina insignis,"0,71"
Aldina latifolia,"0,74"
Alexa grandiflora,"0,66"
Alexa imperatricis,"0,49"
Alexa wachenheimii,"0,49"
Alibertia curviflora,"0,73"
Alibertia edulis,"0,76"
Alibertia sessilis,"0,88"
Alibertia verrucosa,"0,56"
Allantoma lineata,"0,55"
Allophylus amazonicus,"0,55"
Allophylus cobbe,"0,39"
Allophylus edulis,"0,65"
Allophylus floribundus,"0,39"
Allophylus peruvianus,"0,39"
Allophylus scrobiculatus,"0,46"
Alnus acuminata,"0,39"
Alnus jorullensis,"0,38"
Alseis floribunda,"0,85"
Alseis peruviana,"0,65"
Amaioua guianensis,"0,63"
Amanoa glaucophylla,"0,80"
Amanoa guianensis,"0,84"
Amanoa oblongifolia,"0,83"
Ambelania acida,"0,52"
Ambelania quadrangularis,"0,51"
Amburana cearensis,"0,52"
Amomyrtella guili,"0,61"
Ampelocera edentula,"0,70"
Ampelocera ruizii,"0,65"
Amphirrhox longifolia,"0,71"
Amyris simplicifolia,"0,90"
Anacardium excelsum,"0,40"
Anacardium giganteum,"0,45"
Anacardium occidentale,"0,43"
Anacardium parvifolium,"0,53"
Anacardium spruceanum,"0,48"
Anacardium tenuifolium,"0,43"
Anadenanthera colubrina,"0,87"
Anadenanthera peregrina,"0,88"
Anaxagorea dolichocarpa,"0,58"
Andira anthelmia,"0,78"
Andira coriacea,"0,73"
Andira fraxinifolia,"0,92"
Andira indet,"0,71"
Andira inermis,"0,66"
Andira micrantha,"1,00"
Andira parviflora,"0,72"
Andira surinamensis,"0,70"
Andira unifoliolata,"0,76"
Aniba affinis,"0,52"
Aniba amazonica,"0,56"
Aniba burchellii,"0,52"
Aniba canelilla,"0,95"
Aniba cylindriflora,"0,67"
Aniba excelsa,"0,55"
Aniba firmula,"0,56"
Aniba guianensis,"0,52"
Aniba hostmanniana,"0,62"
Aniba hypoglauca,"0,53"
Aniba indet,"0,57"
Aniba panurensis,"0,61"
Aniba parviflora,"0,54"
Aniba perutilis,"0,50"
Aniba puchury-minor,"0,53"
Aniba riparia,"0,57"
Aniba rosaeodora,"0,73"
Aniba terminalis,"0,54"
Aniba williamsii,"0,64"
Anisophyllea manausensis,"0,86"
Annona crassiflora,"0,56"
Annona foetida,"0,57"
Annona hypoglauca,"0,38"
Annona muricata,"0,32"
Anomospermum grandifolium,"0,64"
Anthodiscus amazonicus,"0,72"
Anthodiscus gutierrezii,"0,64"
Anthodiscus peruanus,"0,69"
Anthodiscus pilosus,"0,69"
Antonia ovata,"0,47"
Aparisthmium cordatum,"0,39"
Apeiba albiflora,"0,24"
Apeiba aspera,"0,31"
Apeiba glabra,"0,32"
Apeiba indet,"0,20"
Apeiba intermedia,"0,26"
Apeiba tibourbou,"0,20"
Apoplanesia cryptopetala,"0,86"
Aptandra tubicina,"0,77"
Apuleia ferrea,"1,09"
Apuleia leiocarpa,"0,80"
Apuleia molaris,"0,75"
Arapatiella psilophylla,"0,87"
Araucaria angustifolia,"0,48"
Araucaria araucana,"0,52"
Araucaria brasiliana,"0,66"
Ardisia guianensis,"0,62"
Artocarpus altilis,"0,50"
Artocarpus heterophyllus,"0,53"
Aspidosperma album,"0,77"
Aspidosperma araracanga,"0,75"
Aspidosperma australe,"0,74"
Aspidosperma capitatum,"0,73"
Aspidosperma curranii,"0,73"
Aspidosperma cuspa,"0,83"
Aspidosperma cylindrocarpon,"0,64"
Aspidosperma decussatum,"0,79"
Aspidosperma desmanthum,"0,61"
Aspidosperma discolor,"0,76"
Aspidosperma excelsum,"0,79"
Aspidosperma indet,"0,70"
Aspidosperma macrocarpon,"0,71"
Aspidosperma marcgravianum,"0,73"
Aspidosperma megalocarpon,"0,78"
Aspidosperma megaphyllum,"0,67"
Aspidosperma nitidum,"0,76"
Aspidosperma oblongum,"0,87"
Aspidosperma obscurinervium,"0,86"
Aspidosperma parvifolium,"0,78"
Aspidosperma polyneuron,"0,74"
Aspidosperma pyrifolium,"0,79"
Aspidosperma quebracho-blanco,"0,75"
Aspidosperma ramiflorum,"0,71"
Aspidosperma rigidum,"0,46"
Aspidosperma sandwithianum,"0,79"
Aspidosperma sessiliflorum,"0,79"
Aspidosperma spruceanum,"0,75"
Aspidosperma subincanum,"0,82"
Aspidosperma tomentosum,"0,82"
Aspidosperma verruculosum,"0,94"
Asteranthos brasiliensis,"0,67"
Astrocaryum murumuru,"0,51"
Astronium balansae,"0,97"
Astronium concinnum,"1,07"
Astronium gracile,"0,73"
Astronium graveolens,"0,86"
Astronium lecointei,"0,79"
Astronium ulei,"0,70"
Astronium urundeuva,"1,00"
Attalea butyracea,"0,33"
Austrocedrus chilensis,"0,43"
Auxemma glazioviana,"0,84"
Avicennia germinans,"0,75"
Avicennia marina,"0,52"
Avicennia nitida,"0,90"
Baccharis latifolia,"0,56"
Bagassa guianensis,"0,71"
Balfourodendron riedelianum,"0,68"
Balizia pedicellaris,"0,50"
Banara arguta,"0,75"
Banara guianensis,"0,61"
Banara nitida,"0,60"
Bastardiopsis densiflora,"0,65"
Batesia floribunda,"0,54"
Bathysa meridionalis,"0,64"
Batocarpus amazonicus,"0,53"
Bauhinia longifolia,"0,67"
Bauhinia tarapotensis,"0,60"
Beilschmiedia brasiliensis,"0,59"
Beilschmiedia curviramea,"0,54"
Beilschmiedia pendula,"0,54"
Bellucia grossularioides,"0,60"
Bellucia imperialis,"0,54"
Bellucia pentamera,"0,54"
Berberis jobii,"0,59"
Bertholletia excelsa,"0,64"
Billia columbiana,"0,69"
Bixa arborea,"0,37"
Bixa excelsa,"0,32"
Bixa orellana,"0,32"
Blakea subconnata,"0,71"
Blepharocalyx eggersii,"0,73"
Blepharocalyx gigantea,"0,60"
Blepharocalyx salicifolius,"0,71"
Bocageopsis multiflora,"0,64"
Bocoa indet,"0,42"
Bocoa prouacensis,"1,05"
Bocoa viridiflora,"0,84"
Boehmeria caudata,"0,36"
Bombacopsis flaviflora,"0,34"
Bombacopsis macrocalyx,"0,56"
Bombacopsis nervosa,"0,47"
Bombax paraense,"0,39"
Borojoa patinoi,"0,52"
Bothriospora corymbosa,"0,68"
Botryarrhena pendula,"0,73"
Bougainvillea praecox,"0,56"
Bowdichia indet,"0,74"
Bowdichia nitida,"0,80"
Bowdichia virgilioides,"0,91"
Bracteanthus glycycarpus,"0,71"
Brosimum acutifolium,"0,64"
Brosimum alicastrum,"0,63"
Brosimum costaricanum,"0,70"
Brosimum gaudichaudii,"0,64"
Brosimum guianense,"0,84"
Brosimum indet,"0,68"
Brosimum lactescens,"0,66"
Brosimum parinarioides,"0,63"
Brosimum potabile,"0,54"
Brosimum rubescens,"0,83"
Brosimum uleanum,"0,68"
Brosimum utile,"0,51"
Brownea indet,"1,21"
Buchenavia grandis,"0,76"
Buchenavia huberi,"0,79"
Buchenavia indet,"0,73"
Buchenavia ochroprumna,"0,69"
Buchenavia oxycarpa,"0,71"
Buchenavia pallidovirens,"0,82"
Buchenavia parvifolia,"0,82"
Buchenavia tetraphylla,"0,62"
Buchenavia viridiflora,"0,78"
Bucida buceras,"0,81"
Buddleja americana,"0,52"
Bulnesia arborea,"0,94"
Bulnesia sarmientoi,"1,01"
Bunchosia argentea,"0,65"
Burdachia duckei,"0,84"
Burdachia prismatocarpa,"0,73"
Bursera graveolens,"0,32"
Bursera simaruba,"0,29"
Byrsonima aerugo,"0,63"
Byrsonima arthropoda,"0,62"
Byrsonima coccolobaefolia,"0,62"
Byrsonima coriacea,"0,62"
Byrsonima crassifolia,"0,58"
Byrsonima crispa,"0,58"
Byrsonima densa,"0,62"
Byrsonima indet,"0,72"
Byrsonima japurensis,"0,62"
Byrsonima laevigata,"0,62"
Byrsonima lancifolia,"0,66"
Byrsonima obversa,"0,62"
Byrsonima sericea,"0,78"
Byrsonima spicata,"0,61"
Byrsonima stipulacea,"0,72"
Byrsonima verbascifolia,"0,75"
Cabralea canjerana,"0,53"
Caesalpinia coriaria,"1,03"
Caesalpinia echinata,"0,89"
Caesalpinia ferrea,"1,17"
Caesalpinia glabrata,"0,95"
Caesalpinia granadillo,"1,03"
Caesalpinia indet,"1,05"
Caesalpinia paraguariensis,"1,05"
Caesalpinia pluviosa,"0,89"
Calatola costaricensis,"0,57"
Calliandra trinervia,"0,82"
Calliandra tweediei,"0,85"
Callisthene fasciculata,"0,74"
Callisthene major,"0,75"
Calophyllum angulare,"0,64"
Calophyllum brasiliense,"0,60"
Calophyllum calaba,"0,55"
Calophyllum indet,"0,46"
Calophyllum mariae,"0,46"
Calycolpus goetheanus,"0,80"
Calycophyllum acreanum,"0,80"
Calycophyllum candidissimum,"0,69"
Calycophyllum multiflorum,"0,74"
Calycophyllum spruceanum,"0,72"
Calycorectes acutatus,"0,76"
Calyptranthes clusiaefolia,"0,72"
Calyptranthes concinna,"0,77"
Calyptranthes speciosa,"0,86"
Campnosperma gummifera,"0,44"
Campnosperma panamensis,"0,34"
Campomanesia eugenioides,"0,84"
Campomanesia grandiflora,"0,73"
Campomanesia maschalantha,"0,75"
Campomanesia neriiflora,"0,84"
Campomanesia rufa,"0,93"
Campsiandra angustifolia,"0,90"
Campsiandra comosa,"0,81"
Capirona decorticans,"0,59"
Capparis amplissima,"0,66"
Capparis angulata,"0,77"
Capparis maroniensis,"0,67"
Capparis osmantha,"0,66"
Capparis retusa,"0,62"
Capparis speciosa,"0,66"
Capsicodendron dinisii,"0,57"
Caraipa densifolia,"0,64"
Caraipa grandifolia,"0,78"
Caraipa llanorum,"0,60"
Caraipa punctulata,"0,60"
Carapa procera,"0,57"
Cardiopetalum calophyllum,"0,65"
Carica pulchra,"0,22"
Cariniana decandra,"0,58"
Cariniana domestica,"0,59"
Cariniana estrellensis,"0,64"
Cariniana indet,"0,51"
Cariniana integrifolia,"0,52"
Cariniana legalis,"0,50"
Cariniana micrantha,"0,59"
Cariniana multiflora,"0,56"
Cariniana pyriformis,"0,54"
Cariniana rubra,"0,62"
Carpotroche longifolia,"0,45"
Caryocar amygdaliferum,"0,68"
Caryocar barbinerve,"0,62"
Caryocar brasiliense,"0,65"
Caryocar coccineum,"0,67"
Caryocar glabrum,"0,68"
Caryocar gracile,"0,69"
Caryocar indet,"0,71"
Caryocar microcarpum,"0,67"
Caryocar nuciferum,"0,69"
Caryocar pallidum,"0,84"
Caryocar tessmannii,"0,68"
Caryocar villosum,"0,76"
Caryodendron amazonicum,"0,65"
Casearia aculeata,"0,66"
Casearia arborea,"0,59"
Casearia decandra,"0,66"
Casearia grandiflora,"0,77"
Casearia guianensis,"0,74"
Casearia indet,"0,66"
Casearia javitensis,"0,75"
Casearia negrensis,"0,52"
Casearia pitumba,"0,73"
Casearia praecox,"0,71"
Casearia sylvestris,"0,72"
Cassia cowanii,"0,62"
Cassia fastuosa,"0,81"
Cassia ferruginea,"0,87"
Cassia fistula,"0,90"
Cassia moschata,"0,81"
Cassipourea guianensis,"0,82"
Castilla elastica,"0,82"
Catalpa bignonioides,"0,36"
Catalpa longissima,"0,72"
Catostemma albuquerquei,"0,69"
Catostemma altsonii,"0,49"
Catostemma cavalcantei,"0,56"
Catostemma commune,"0,52"
Catostemma fragrans,"0,57"
Catostemma indet,"0,55"
Catostemma sclerophyllum,"0,69"
Cavanillesia hylogeiton,"0,13"
Cavanillesia platanifolia,"0,60"
Cavanillesia umbellata,"0,15"
Cecropia concolor,"0,15"
Cecropia engleriana,"0,49"
Cecropia ficifolia,"0,27"
Cecropia glaziovi,"0,41"
Cecropia hololeuca,"0,43"
Cecropia latiloba,"0,33"
Cecropia membranacea,"0,33"
Cecropia obtusa,"0,31"
Cecropia obtusifolia,"0,23"
Cecropia pachystachya,"0,41"
Cecropia peltata,"0,31"
Cecropia purpurascens,"0,32"
Cecropia sciadophylla,"0,39"
Cedrela angustifolia,"0,36"
Cedrela fissilis,"0,47"
Cedrela indet,"0,43"
Cedrela lilloi,"0,40"
Cedrela montana,"0,34"
Cedrela odorata,"0,46"
Cedrelinga cateniformis,"0,50"
Ceiba boliviana,"0,26"
Ceiba chodatii,"0,20"
Ceiba erianthos,"0,20"
Ceiba glaziovii,"0,59"
Ceiba insignis,"0,25"
Ceiba pentandra,"0,35"
Ceiba samauma,"0,57"
Ceiba speciosa,"0,39"
Ceiba trichistandra,"0,32"
Celtis ehrenbergiana,"0,69"
Celtis iguanaea,"0,66"
Celtis schippii,"0,62"
Cenostigma macrophyllum,"0,97"
Cenostigma tocantinum,"0,84"
Centrolobium microchaete,"0,59"
Centrolobium ochroxylum,"0,69"
Centrolobium paraense,"0,71"
Centrolobium robustum,"0,70"
Centrolobium tomentosum,"0,67"
Cercis siliquastrum,"0,60"
Cespedesia macrophylla,"0,63"
Cespedesia spathulata,"0,61"
Chaetocarpus schomburgkianus,"0,80"
Chamaecrista adiantifolia,"0,83"
Chamaecrista apoucouita,"0,92"
Chamaecrista scleroxylon,"0,96"
Chaunochiton kappleri,"0,52"
Chaunochiton loranthoides,"0,77"
Chimarrhis cymosa,"0,71"
Chimarrhis hookeri,"0,71"
Chimarrhis microcarpa,"0,69"
Chimarrhis turbinata,"0,72"
Chionanthus ligustrinus,"0,86"
Chlorocardium rodiei,"0,86"
Chloroleucon tenuiflorum,"0,49"
Chloroleucon vinhatico,"0,52"
Chomelia paniculata,"0,62"
Chomelia venezuelensis,"0,52"
Chorisia integrifolia,"0,28"
Chorisia speciosa,"0,26"
Chromolucuma rubriflora,"0,73"
Chrysobalanus icaco,"0,73"
Chrysochlamys weberbaueri,"0,43"
Chrysophyllum amazonicum,"0,83"
Chrysophyllum argenteum,"0,78"
Chrysophyllum cainito,"0,57"
Chrysophyllum cuneifolium,"0,93"
Chrysophyllum gonocarpum,"0,67"
Chrysophyllum indet,"0,75"
Chrysophyllum lucentifolium,"0,79"
Chrysophyllum marginatum,"0,70"
Chrysophyllum pomiferum,"0,77"
Chrysophyllum prieurii,"0,86"
Chrysophyllum sanguinolentum,"0,67"
Chrysophyllum ucuquirana-branca,"0,73"
Cinchona pubescens,"0,54"
Cinnamomum porphyrium,"0,49"
Cinnamomum stereophyllum,"0,56"
Citharexylum fruticosum,"0,79"
Citharexylum macrophyllum,"0,50"
Citronella apogon,"0,49"
Clarisia biflora,"0,47"
Clarisia racemosa,"0,59"
Clathrotropis brachypetala,"0,81"
Clathrotropis brunnea,"0,77"
Clathrotropis indet,"0,88"
Clathrotropis macrocarpa,"0,71"
Cleidion prealtum,"0,39"
Clethra mexicana,"0,55"
Clethra ovalifolia,"0,49"
Clethra scabra,"0,49"
Clusia alata,"0,56"
Clusia cambessedii,"0,56"
Clusia fockeana,"0,65"
Clusia insignis,"0,56"
Clusia rosea,"0,67"
Cnidoscolus phyllacanthus,"0,55"
Cnidoscolus pubescens,"0,44"
Coccoloba acuminata,"0,58"
Coccoloba densifrons,"0,58"
Coccoloba latifolia,"0,58"
Coccoloba lehmannii,"0,58"
Coccoloba mollis,"0,68"
Cochlospermum orinocense,"0,22"
Cochlospermum vitifolium,"0,22"
Colubrina arborescens,"0,70"
Colubrina glandulosa,"0,74"
Combretum leprosum,"0,63"
Commiphora leptophloeos,"0,43"
Conceveiba guianensis,"0,54"
Conceveiba martiana,"0,43"
Connarus suberosus,"0,45"
Copaifera duckei,"0,62"
Copaifera guyanensis,"0,62"
Copaifera indet,"0,52"
Copaifera langsdorffii,"0,65"
Copaifera multijuga,"0,64"
Copaifera officinalis,"0,63"
Copaifera pubiflora,"0,64"
Copaifera reticulata,"0,61"
Copernicia alba,"0,79"
Cordia alliodora,"0,52"
Cordia americana,"0,69"
Cordia bicolor,"0,48"
Cordia borinquensis,"0,70"
Cordia cicatricosa,"0,41"
Cordia collococca,"0,44"
Cordia dodecandra,"0,65"
Cordia ecalyculata,"1,08"
Cordia exaltata,"0,40"
Cordia fallax,"0,37"
Cordia gerascanthus,"0,75"
Cordia glabrata,"0,77"
Cordia goeldiana,"0,50"
Cordia laevifrons,"0,33"
Cordia lomatoloba,"0,41"
Cordia nodosa,"0,39"
Cordia sagotii,"0,41"
Cordia scabrifolia,"0,47"
Cordia sericicalyx,"0,39"
Cordia sulcata,"0,60"
Cordia tetrandra,"0,35"
Cordia trichotoma,"0,63"
Cordia ucayaliensis,"0,41"
Cornus peruviana,"0,56"
Corythophora alta,"0,71"
Corythophora rimosa,"0,80"
Couepia bracteosa,"0,77"
Couepia caryophylloides,"0,77"
Couepia elata,"0,77"
Couepia guianensis,"0,76"
Couepia hostmanniana,"0,77"
Couepia longipendula,"0,94"
Couepia paraensis,"0,85"
Couepia robusta,"0,83"
Couepia ulei,"0,79"
Couma guianensis,"0,47"
Couma macrocarpa,"0,49"
Couma utilis,"0,66"
Couratari asterotricha,"0,51"
Couratari guianensis,"0,51"
Couratari indet,"0,52"
Couratari longipedicellata,"0,54"
Couratari macrosperma,"0,67"
Couratari multiflora,"0,45"
Couratari oblongifolia,"0,51"
Couratari stellata,"0,63"
Couratari tauari,"0,55"
Couroupita guianensis,"0,43"
Couroupita subsessilis,"0,39"
Coussapoa asperifolia,"0,45"
Coussapoa batavorum,"0,49"
Coussapoa microcarpa,"0,59"
Coussapoa panamensis,"0,39"
Coussapoa parviceps,"0,49"
Coussapoa parvifolia,"0,49"
Coussarea ampla,"0,48"
Coussarea hirticalyx,"0,65"
Coussarea hydrangeifolia,"0,65"
Coussarea racemosa,"0,65"
Coussarea surinamensis,"0,67"
Coutarea hexandra,"0,60"
Crateva tapia,"0,48"
Crepidospermum rhoifolium,"0,58"
Crinodendron tucumanum,"0,46"
Croton croizatii,"0,41"
Croton cuneatus,"0,41"
Croton floribundus,"0,60"
Croton lanjouwensis,"0,62"
Croton matourensis,"0,39"
Croton mutisianus,"0,41"
Croton tessmannii,"0,39"
Croton urucurana,"0,53"
Croton xanthochylus,"0,43"
Crudia amazonica,"0,84"
Crudia aromatica,"0,93"
Crudia glaberrima,"0,79"
Cryptocarya aschersoniana,"0,57"
Cupania americana,"0,73"
Cupania cinerea,"0,50"
Cupania oblongifolia,"0,67"
Cupania scrobiculata,"0,63"
Cupania vernalis,"0,66"
Curatella americana,"0,65"
Curupira tefeensis,"0,81"
Cuspidaria lateriflora,"0,54"
Cybianthus fulvopulverulentus,"0,59"
Cybistax antisyphilitica,"0,59"
Cyclolobium vecchii,"0,90"
Cymbopetalum brasiliense,"0,49"
Cynometra hostmanniana,"0,84"
Cynometra parvifolia,"0,84"
Cyrilla racemiflora,"0,59"
Dacryodes belemensis,"0,52"
Dacryodes colombiana,"0,51"
Dacryodes excelsa,"0,48"
Dacryodes indet,"0,59"
Dacryodes kukachkana,"0,54"
Dacryodes nitens,"0,49"
Dacryodes occidentalis,"0,53"
Dacryodes peruviana,"0,53"
Dalbergia brasiliensis,"0,91"
Dalbergia cearensis,"0,86"
Dalbergia decipularis,"0,82"
Dalbergia frutescens,"0,69"
Dalbergia glauca,"0,80"
Dalbergia granadillo,"0,86"
Dalbergia nigra,"0,81"
Dalbergia retusa,"0,86"
Dalbergia stevensonii,"0,78"
Dalbergia tucurensis,"0,86"
Daphnopsis brasiliensis,"0,52"
Delonix regia,"0,80"
Dendrobangia boliviana,"0,64"
Dendropanax arboreus,"0,42"
Derris hatschbachii,"0,82"
Derris rariflora,"0,60"
Derris spruceana,"0,67"
Dialium guianense,"0,89"
Diatenopteryx sorbifolia,"0,74"
Diclinanona calycina,"0,47"
Dicorynia guianensis,"0,61"
Dicymbe altsonii,"0,76"
Dicymbe corymbosa,"0,76"
Didymopanax macrocarpum,"0,58"
Dimorphandra conjugata,"0,73"
Dimorphandra davisii,"0,86"
Dimorphandra macrostachya,"0,70"
Dimorphandra mora,"0,99"
Dimorphandra parviflora,"1,00"
Dimorphandra polyandra,"0,66"
Dimorphandra pullei,"0,58"
Dinizia excelsa,"0,94"
Diospyros brasiliensis,"0,68"
Diospyros capreifolia,"0,73"
Diospyros carbonaria,"0,73"
Diospyros cayennensis,"0,46"
Diospyros dichroa,"0,53"
Diospyros guianensis,"0,73"
Diospyros hispida,"0,62"
Diospyros inconstans,"0,83"
Diospyros indet,"0,47"
Diospyros lissocarpoides,"0,48"
Diospyros paralea,"0,47"
Diospyros poeppigiana,"0,60"
Diospyros tetrasperma,"0,81"
Diplokeleba floribunda,"0,85"
Diploon cuspidatum,"0,85"
Diplotropis martiusii,"0,63"
Diplotropis purpurea,"0,78"
Dipteryx alata,"0,98"
Dipteryx ferrea,"0,84"
Dipteryx micrantha,"0,87"
Dipteryx odorata,"0,92"
Dipteryx polyphylla,"0,89"
Dipteryx punctata,"0,92"
Discophora guianensis,"0,56"
Drimys winteri,"0,42"
Drypetes amazonica,"0,67"
Drypetes americana,"0,73"
Drypetes indet,"0,75"
Drypetes variabilis,"0,74"
Duckeodendron cestroides,"0,63"
Duckesia verrucosa,"0,82"
Duguetia calycina,"0,37"
Duguetia chrysea,"0,85"
Duguetia lanceolata,"0,87"
Duguetia megalocarpa,"0,91"
Duguetia quitarensis,"0,80"
Duguetia spixiana,"0,58"
Duguetia stelechantha,"0,85"
Duguetia surinamensis,"0,80"
Dulacia guianensis,"0,57"
Duranta serratifolia,"0,56"
Duroia aquatica,"0,79"
Duroia eriopila,"0,80"
Duroia fusifera,"0,67"
Duroia hirsuta,"0,77"
Duroia micrantha,"0,80"
Dussia discolor,"0,55"
Dussia lehmannii,"0,59"
Ecclinusa guianensis,"0,63"
Ecclinusa lanceolata,"0,58"
Ecclinusa psilophylla,"0,76"
Ecclinusa ramiflora,"0,96"
Elizabetha paraensis,"0,82"
Elvasia calophyllea,"0,80"
Elvasia elvasioides,"0,73"
Embothrium coccineum,"0,49"
Embothrium mucronatum,"0,56"
Emmotum fagifolium,"0,73"
Emmotum nitens,"0,93"
Endlicheria bracteolata,"0,57"
Endlicheria cocuirey,"0,45"
Endlicheria endlicheriopsis,"0,47"
Endlicheria formosa,"0,42"
Endlicheria indet,"0,50"
Endlicheria multiflora,"0,47"
Endlicheria paniculata,"0,63"
Endlicheria sericea,"0,47"
Endlicheria williamsii,"0,47"
Endopleura uchi,"0,79"
Enterolobium contortisiliquum,"0,40"
Enterolobium cyclocarpum,"0,39"
Enterolobium gummiferum,"0,61"
Enterolobium maximum,"0,41"
Enterolobium schomburgkii,"0,72"
Enterolobium timbouva,"0,53"
Eperua bijuga,"0,73"
Eperua duckeana,"0,79"
Eperua falcata,"0,72"
Eperua glabriflora,"0,76"
Eperua grandiflora,"0,70"
Eperua indet,"0,77"
Eperua jenmanii,"0,78"
Eperua rubiginosa,"0,75"
Ephedranthus amazonicus,"0,82"
Eriotheca candolleana,"0,43"
Eriotheca crassa,"0,51"
Eriotheca globosa,"0,41"
Eriotheca longipedicellata,"0,48"
Eriotheca pentaphylla,"0,43"
Eriotheca ruizii,"0,39"
Eriotheca surinamensis,"0,41"
Erisma calcaratum,"0,68"
Erisma fuscum,"0,56"
Erisma nitidum,"0,52"
Erisma uncinatum,"0,52"
Erythrina crista-galli,"0,27"
Erythrina dominguezii,"0,26"
Erythrina edulis,"0,22"
Erythrina falcata,"0,32"
Erythrina fusca,"0,30"
Erythrina poeppigiana,"0,31"
Erythrina smithiana,"0,19"
Erythrina ulei,"0,11"
Erythrina variegata,"0,28"
Erythrochiton fallax,"0,45"
Erythroxylum amazonicum,"0,71"
Erythroxylum citrifolium,"0,71"
Erythroxylum deciduum,"0,81"
Erythroxylum frangulifolium,"0,97"
Erythroxylum glaucum,"0,71"
Erythroxylum kapplerianum,"0,71"
Erythroxylum macrophyllum,"0,71"
Erythroxylum pulchrum,"1,07"
Erythroxylum squamatum,"0,71"
Escallonia millegrana,"0,54"
Escallonia myrtilloides,"0,67"
Eschweilera alata,"0,96"
Eschweilera albiflora,"0,86"
Eschweilera amazonica,"0,90"
Eschweilera amazoniciformis,"0,82"
Eschweilera atropetiolata,"0,75"
Eschweilera carinata,"0,78"
Eschweilera collina,"0,78"
Eschweilera congestiflora,"0,86"
Eschweilera coriacea,"0,85"
Eschweilera fracta,"0,76"
Eschweilera gigantea,"0,78"
Eschweilera grandiflora,"0,88"
Eschweilera indet,"0,76"
Eschweilera juruensis,"0,96"
Eschweilera longipes,"0,69"
Eschweilera micrantha,"0,86"
Eschweilera odora,"0,80"
Eschweilera ovata,"0,90"
Eschweilera parviflora,"0,92"
Eschweilera parvifolia,"0,86"
Eschweilera pedicellata,"0,91"
Eschweilera pittieri,"0,86"
Eschweilera potaroensis,"0,81"
Eschweilera rodriguesiana,"0,76"
Eschweilera sagotiana,"0,80"
Eschweilera simiorum,"0,86"
Eschweilera subglandulosa,"0,86"
Eschweilera tenax,"0,71"
Eschweilera tenuifolia,"0,77"
Eschweilera tessmannii,"0,79"
Eschweilera timbuchensis,"0,74"
Eschweilera wachenheimii,"0,81"
Esenbeckia grandiflora,"1,08"
Esenbeckia leiocarpa,"0,96"
Etaballia dubia,"0,92"
Eucryphia cordifolia,"0,51"
Eugenia anastomosans,"0,77"
Eugenia arrabidae,"1,00"
Eugenia biflora,"0,80"
Eugenia brasiliensis,"0,71"
Eugenia citrifolia,"0,66"
Eugenia coffeifolia,"0,76"
Eugenia crenata,"0,67"
Eugenia cumini,"0,56"
Eugenia dysenterica,"0,82"
Eugenia feijoi,"0,79"
Eugenia florida,"0,68"
Eugenia glazioviana,"0,67"
Eugenia hyemalis,"0,70"
Eugenia illepida,"0,69"
Eugenia leitonii,"0,98"
Eugenia ligustrina,"0,98"
Eugenia mato,"0,69"
Eugenia patrisii,"0,83"
Eugenia pseudopsidium,"0,72"
Eugenia sonderiana,"0,75"
Eugenia stahlii,"0,73"
Eugenia uniflora,"0,83"
Eugenia wullschlaegeliana,"0,79"
Euphronia hirtelloides,"0,62"
Euplassa cantareirae,"0,68"
Euplassa pinnata,"0,52"
Euplassa saxicola,"0,52"
Euterpe precatoria,"0,41"
Euxylophora paraensis,"0,66"
Exellodendron cordatum,"1,01"
Exellodendron coriaceum,"0,84"
Ferdinandusa elliptica,"0,65"
Ferdinandusa rudgeoides,"0,80"
Ficus anthelmintica,"0,36"
Ficus catappifolia,"0,65"
Ficus citrifolia,"0,40"
Ficus coerulescens,"0,37"
Ficus crassiuscula,"0,39"
Ficus dendrocida,"0,53"
Ficus doliaria,"0,39"
Ficus eximia,"0,46"
Ficus glabrata,"0,49"
Ficus hartwegii,"0,39"
Ficus insipida,"0,38"
Ficus mathewsii,"0,38"
Ficus maxima,"0,37"
Ficus nymphaeifolia,"0,42"
Ficus pertusa,"0,42"
Ficus trigonata,"0,39"
Fitzroya cupressoides,"0,43"
Freziera canescens,"0,58"
Fusaea longifolia,"0,74"
Galipea alba,"1,00"
Gallesia integrifolia,"0,51"
Garcinia indet,"0,66"
Garcinia macrophylla,"0,77"
Garcinia madruno,"0,64"
Gavarretia terminalis,"0,65"
Geissospermum laeve,"0,76"
Geissospermum sericeum,"0,78"
Genipa americana,"0,62"
Genipa infundibuliformis,"0,88"
Geoffroea decorticans,"0,50"
Geoffroea spinosa,"0,67"
Gleditsia amorphoides,"0,71"
Gliricidia sepium,"0,53"
Glycydendron amazonicum,"0,68"
Gochnatia polymorpha,"0,76"
Goethalsia meiantha,"0,37"
Gomidesia affinis,"0,78"
Goniodiscus elaeospermus,"0,58"
Goniorrhachis marginata,"1,01"
Gordonia fruticosa,"0,52"
Goupia glabra,"0,73"
Grias neuberthii,"0,62"
Grias peruviana,"0,62"
Guaiacum indet,"1,05"
Guaiacum officinale,"1,14"
Guaiacum sanctum,"1,08"
Guapira cuspidata,"0,49"
Guapira opposita,"0,83"
Guarea glabra,"0,59"
Guarea gomma,"0,65"
Guarea guidonia,"0,57"
Guarea humaitensis,"0,76"
Guarea indet,"0,43"
Guarea kunthiana,"0,62"
Guarea macrophylla,"0,65"
Guarea polymera,"0,52"
Guarea pterorhachis,"0,77"
Guarea pubescens,"0,57"
Guarea purusana,"0,77"
Guarea scabra,"0,74"
Guarea subviridiflora,"0,64"
Guatteria acutissima,"0,45"
Guatteria cargadero,"0,52"
Guatteria cestrifolia,"0,54"
Guatteria chlorantha,"0,54"
Guatteria decurrens,"0,52"
Guatteria eugeniifolia,"0,81"
Guatteria micans,"0,54"
Guatteria modesta,"0,54"
Guatteria nigrescens,"0,59"
Guatteria olivacea,"0,46"
Guatteria procera,"0,65"
Guatteria puncticulata,"0,54"
Guatteria schomburgkiana,"0,60"
Guatteria scytophylla,"0,52"
Guazuma crinita,"0,56"
Guazuma ulmifolia,"0,51"
Guettarda acreana,"0,87"
Guettarda elliptica,"0,60"
Guettarda scabra,"0,65"
Guettarda uruguensis,"0,73"
Guibourtia chodatiana,"0,77"
Guibourtia hymenaefolia,"1,00"
Gustavia augusta,"0,65"
Gustavia brasiliensis,"0,63"
Gustavia elliptica,"0,67"
Gustavia hexapetala,"0,72"
Gustavia longifolia,"0,67"
Gustavia macarenensis,"0,67"
Gustavia speciosa,"0,52"
Gyranthera caribensis,"0,37"
Haematoxylum brasiletto,"0,88"
Haematoxylum campechianum,"0,94"
Haploclathra paniculata,"0,82"
Hasseltia floribunda,"0,52"
Hebepetalum humiriifolium,"0,87"
Hedyosmum scabrum,"0,45"
Heisteria cauliflora,"0,73"
Heisteria densifrons,"0,65"
Heisteria indet,"0,71"
Heisteria maytenoides,"0,87"
Heisteria ovata,"0,54"
Heisteria pallida,"0,70"
Heisteria spruceana,"0,73"
Helianthostylis sprucei,"0,63"
Helicostylis elegans,"0,65"
Helicostylis pedunculata,"0,68"
Helicostylis scabra,"0,74"
Helicostylis tomentosa,"0,63"
Helietta apiculata,"0,81"
Heliocarpus americanus,"0,22"
Heliocarpus popayanensis,"0,24"
Henriettea minutiflora,"0,69"
Henriettea multiflora,"0,69"
Henriettella caudata,"0,50"
Henriettella tuberculosa,"0,47"
Henriettella verrucosa,"0,47"
Henriquezia verticillata,"0,73"
Hernandia sonora,"0,28"
Heterostemon mimosoides,"0,60"
Heterostemon vageleri,"0,72"
Hevea brasiliensis,"0,49"
Hevea guianensis,"0,57"
Hevea indet,"0,53"
Hevea lutea,"0,43"
Hevea microphylla,"0,43"
Hevea nitida,"0,54"
Hevea pauciflora,"0,46"
Hevea spruceana,"0,40"
Hexachlamys edulis,"0,91"
Hieronima alchorneoides,"0,65"
Hieronima andina,"0,60"
Hieronima asperifolia,"0,65"
Hieronima chocoensis,"0,63"
Hieronima laxiflora,"0,55"
Hieronima oblonga,"0,60"
Himatanthus articulatus,"0,54"
Himatanthus attenuatus,"0,48"
Himatanthus bracteatus,"0,53"
Himatanthus obovatus,"0,73"
Himatanthus sucuuba,"0,46"
Hippomane mancinella,"0,50"
Hirtella bicornis,"0,90"
Hirtella bullata,"0,49"
Hirtella ciliata,"0,82"
Hirtella davisii,"0,80"
Hirtella glandulosa,"0,93"
Hirtella hebeclada,"0,72"
Hirtella pilosissima,"0,88"
Hirtella pimichina,"0,82"
Hirtella racemosa,"0,84"
Hirtella triandra,"0,71"
Holocalyx balansae,"0,86"
Homalium racemosum,"0,82"
Hortia arborea,"1,02"
Hortia longifolia,"0,90"
Hortia regia,"0,78"
Hovenia dulcis,"0,56"
Huberodendron patinoi,"0,50"
Huberodendron swietenioides,"0,56"
Huertea cubensis,"0,31"
Huertea glandulosa,"0,43"
Huertea granadina,"0,41"
Huertea putumayensis,"0,41"
Humiria balsamifera,"0,73"
Humiriastrum colombianum,"0,69"
Humiriastrum cuspidatum,"0,72"
Humiriastrum excelsum,"0,75"
Humiriastrum melanocarpum,"0,60"
Humiriastrum obovatum,"0,77"
Humiriastrum procerum,"0,61"
Hura crepitans,"0,37"
Hybanthus prunifolius,"0,67"
Hydrochorea corymbosa,"0,47"
Hydrochorea gonggrijpii,"0,58"
Hydrogaster trinervis,"0,63"
Hymenaea courbaril,"0,81"
Hymenaea intermedia,"0,82"
Hymenaea martiana,"0,83"
Hymenaea oblongifolia,"0,74"
Hymenaea palustris,"0,73"
Hymenaea parvifolia,"0,88"
Hymenaea stigonocarpa,"0,90"
Hymenolobium excelsum,"0,65"
Hymenolobium flavum,"0,69"
Hymenolobium modestum,"0,67"
Hymenolobium nitidum,"0,55"
Hymenolobium petraeum,"0,71"
Hymenolobium pulcherrimum,"0,64"
Hypericum laxiusculum,"0,99"
Hyptidendron asperrimum,"0,43"
Ilex affinis,"0,51"
Ilex argentina,"0,50"
Ilex brevicuspis,"0,54"
Ilex casiquiarensis,"0,56"
Ilex cerasifolia,"0,65"
Ilex jenmanii,"0,56"
Ilex martiniana,"0,54"
Ilex parviflora,"0,49"
Ilex rimbachii,"0,49"
Inga acrocephala,"0,51"
Inga alba,"0,59"
Inga aria,"0,61"
Inga bourgonii,"0,55"
Inga capitata,"0,59"
Inga cayennensis,"0,53"
Inga chartacea,"0,51"
Inga cinnamomea,"0,64"
Inga coruscans,"0,72"
Inga cylindrica,"0,48"
Inga edulis,"0,59"
Inga fagifolia,"0,62"
Inga graciliflora,"0,53"
Inga heterophylla,"0,56"
Inga heteroptera,"0,49"
Inga huberi,"0,53"
Inga indet,"0,53"
Inga ingoides,"0,50"
Inga lateriflora,"0,56"
Inga laurina,"0,67"
Inga leiocalycina,"0,56"
Inga marginata,"0,55"
Inga melinonis,"0,54"
Inga nobilis,"0,56"
Inga olivacea,"0,62"
Inga paraensis,"0,82"
Inga pezizifera,"0,61"
Inga punctata,"0,56"
Inga rubiginosa,"0,66"
Inga semialata,"0,60"
Inga sertulifera,"0,65"
Inga sessilis,"0,43"
Inga splendens,"0,60"
Inga stipularis,"0,53"
Inga tubaeformis,"0,53"
Inga umbellifera,"0,72"
Inga uruguensis,"0,62"
Inga vera,"0,58"
Iodina rhombifolia,"0,61"
Ipomoea wolcottiana,"0,30"
Iriartea deltoidea,"0,28"
Iryanthera grandis,"0,63"
Iryanthera hostmannii,"0,58"
Iryanthera indet,"0,51"
Iryanthera juruensis,"0,63"
Iryanthera laevis,"0,62"
Iryanthera lancifolia,"0,50"
Iryanthera paraensis,"0,65"
Iryanthera sagotiana,"0,57"
Iryanthera tricornis,"0,67"
Iryanthera ulei,"0,62"
Isertia coccinea,"0,52"
Isertia hypoleuca,"0,61"
Isertia laevis,"0,52"
Ixora gardneriana,"0,88"
Jacaranda brasiliana,"0,65"
Jacaranda copaia,"0,35"
Jacaranda hesperia,"0,35"
Jacaranda micrantha,"0,48"
Jacaranda mimosifolia,"0,49"
Jacaranda obtusifolia,"0,48"
Jacaranda puberula,"0,58"
Jacaratia digitata,"0,27"
Jacquinia caracasana,"0,73"
Jatropha curcas,"0,17"
Joannesia heveoides,"0,39"
Joannesia princeps,"0,51"
Juglans australis,"0,52"
Juglans indet,"0,52"
Juglans neotropica,"0,49"
Kaunia saltensis,"0,49"
Kielmeyera lathrophyton,"0,67"
Kielmeyera marauensis,"0,49"
Kielmeyera rubriflora,"0,62"
Krugiodendron ferreum,"0,95"
Lacistema aggregatum,"0,51"
Lacistema grandifolium,"0,52"
Lacmellea floribunda,"0,49"
Lacmellea lactescens,"0,60"
Lacmellea utilis,"0,49"
Lacunaria coriacea,"0,80"
Lacunaria crenata,"0,81"
Ladenbergia indet,"0,51"
Ladenbergia pavonii,"0,47"
Laetia corymbulosa,"0,59"
Laetia procera,"0,63"
Laetia suaveolens,"0,64"
Lafoensia glyptocarpa,"0,96"
Lafoensia pacari,"0,80"
Lafoensia punicifolia,"0,69"
Laguncularia racemosa,"0,62"
Laurelia philippiana,"0,40"
Laurus sassafras,"0,48"
Lecointea amazonica,"0,89"
Lecythis ampla,"0,82"
Lecythis chartacea,"0,82"
Lecythis confertiflora,"0,79"
Lecythis corrugata,"0,78"
Lecythis gracieana,"0,83"
Lecythis holcogyne,"0,78"
Lecythis idatimon,"0,80"
Lecythis indet,"0,77"
Lecythis lanceolata,"1,01"
Lecythis latifolium,"0,90"
Lecythis lurida,"0,86"
Lecythis ollaria,"0,72"
Lecythis parvifructa,"0,74"
Lecythis persistens,"0,86"
Lecythis pisonis,"0,86"
Lecythis poiteaui,"0,80"
Lecythis prancei,"0,88"
Lecythis usitata,"0,90"
Lecythis zabucajo,"0,85"
Leonia crassa,"0,65"
Leonia cymosa,"0,65"
Leonia glycycarpa,"0,60"
Leopoldinia pulchra,"0,48"
Lepidocordia punctata,"0,77"
Leucaena diversifolia,"0,60"
Leucaena leucocephala,"0,45"
Leucaena trichodes,"0,65"
Licania alba,"0,89"
Licania apetala,"0,76"
Licania arborea,"0,62"
Licania brittoniana,"0,67"
Licania campestre,"0,59"
Licania canescens,"0,88"
Licania chocoensis,"0,88"
Licania coriacea,"0,88"
Licania davillifolia,"0,88"
Licania densiflora,"0,79"
Licania discolor,"0,89"
Licania divaricata,"0,88"
Licania elata,"0,70"
Licania elliptica,"0,88"
Licania emarginata,"0,88"
Licania fanshawei,"0,89"
Licania fuchsii,"0,88"
Licania gracilipes,"0,83"
Licania granvillei,"0,77"
Licania heteromorpha,"0,82"
Licania humilis,"0,51"
Licania hypoleuca,"0,91"
Licania impressa,"0,92"
Licania incana,"0,86"
Licania indet,"0,64"
Licania irwinii,"0,88"
Licania jimenezii,"0,84"
Licania kunthiana,"0,88"
Licania laxiflora,"1,03"
Licania licaniiflora,"0,67"
Licania macrophylla,"0,75"
Licania majuscula,"0,88"
Licania membranacea,"0,88"
Licania micrantha,"0,84"
Licania minutiflora,"0,77"
Licania oblongifolia,"0,80"
Licania octandra,"0,83"
Licania ovalifolia,"0,85"
Licania pallida,"0,88"
Licania parviflora,"0,82"
Licania parvifolia,"0,67"
Licania parvifructa,"0,89"
Licania polita,"0,88"
Licania robusta,"0,89"
Licania rodriguesii,"0,84"
Licania sandwithii,"0,88"
Licania sothersiae,"0,84"
Licania sparsipilis,"0,56"
Licania subarachnophylla,"0,88"
Licania tomentosa,"0,98"
Licania unguiculata,"0,88"
Licania urceolaris,"0,88"
Licaria aritu,"0,79"
Licaria armeniaca,"0,55"
Licaria cannella,"0,94"
Licaria cayennensis,"0,93"
Licaria chrysophylla,"0,79"
Licaria guianensis,"0,75"
Licaria indet,"0,82"
Licaria polyphylla,"0,84"
Licaria rigida,"0,79"
Licaria subbullata,"0,84"
Licaria triandra,"0,47"
Ligustrum lucidum,"0,63"
Lindackeria paludosa,"0,56"
Lithraea brasiliensis,"0,98"
Lithraea molleoides,"0,47"
Lomatia hirsuta,"0,47"
Lonchocarpus araripensis,"0,85"
Lonchocarpus campestris,"0,89"
Lonchocarpus hedyosmus,"0,77"
Lonchocarpus heptaphyllus,"0,74"
Lonchocarpus hylobius,"0,67"
Lonchocarpus indet,"0,69"
Lonchocarpus lilloi,"0,64"
Lonchocarpus margaritensis,"0,75"
Lonchocarpus muehlbergianus,"0,62"
Lonchocarpus sericeus,"0,77"
Lonchocarpus stramineus,"0,75"
Lonchocarpus velutinus,"0,75"
Loreya arborescens,"0,60"
Loreya mespiloides,"0,60"
Loxopterygium huasango,"0,73"
Loxopterygium sagotii,"0,56"
Luehea cymulosa,"0,48"
Luehea divaricata,"0,56"
Luehea indet,"0,50"
Luehea paniculata,"0,54"
Lueheopsis duckeana,"0,62"
Lueheopsis rosea,"0,33"
Lueheopsis rugosa,"0,55"
Lunania parviflora,"0,64"
Lysiloma indet,"0,63"
Lysiloma latisiliquum,"0,62"
Mabea biglandulosa,"0,57"
Mabea nitida,"0,65"
Mabea piriri,"0,60"
Mabea speciosa,"0,64"
Mabea subserrulata,"0,60"
Mabea subsessilis,"0,60"
Maburea trinervis,"0,82"
Macbrideina peruviana,"0,54"
Machaerium aculeatum,"0,24"
Machaerium acutifolium,"1,12"
Machaerium allemanii,"0,93"
Machaerium brasiliense,"0,66"
Machaerium firmum,"0,97"
Machaerium fulvovenosum,"1,04"
Machaerium hirtum,"0,66"
Machaerium incorruptibile,"0,95"
Machaerium indet,"0,70"
Machaerium lunatum,"0,24"
Machaerium millei,"0,24"
Machaerium minutiflorum,"0,84"
Machaerium opacum,"0,80"
Machaerium scleroxylon,"0,82"
Machaerium villosum,"0,78"
Maclura tinctoria,"0,79"
Macoubea guianensis,"0,41"
Macrocnemum roseum,"0,45"
Macrolobium acaciifolium,"0,55"
Macrolobium angustifolium,"0,68"
Macrolobium bifolium,"0,67"
Macrolobium limbatum,"0,58"
Magnolia dubia,"0,56"
Magnolia grandiflora,"0,43"
Magnolia indet,"0,52"
Magnolia ovata,"0,53"
Magnolia sororum,"0,46"
Magnolia splendens,"0,59"
Magnolia yoroconte,"0,42"
Magonia pubescens,"0,77"
Mahurea exstipulata,"0,73"
Mahurea palustris,"0,69"
Malmea cuspidata,"0,39"
Malouetia cestroides,"0,58"
Malouetia duckei,"0,57"
Malouetia naias,"0,43"
Mammea americana,"0,64"
Manilkara bidentata,"0,87"
Manilkara cavalcantei,"0,83"
Manilkara huberi,"0,92"
Manilkara inundata,"0,80"
Manilkara paraensis,"0,86"
Manilkara salzmannii,"1,03"
Manilkara venulosa,"0,75"
Maprounea guianensis,"0,59"
Maquira calophylla,"0,62"
Maquira coriacea,"0,51"
Maquira guianensis,"0,77"
Maquira sclerophylla,"0,51"
Margaritaria nobilis,"0,48"
Marlierea montana,"0,95"
Marlierea schomburgkiana,"0,92"
Marlierea tomentosa,"0,96"
Marmaroxylon racemosum,"0,84"
Martiodendron excelsum,"0,85"
Martiodendron parviflorum,"0,84"
Matayba arborescens,"0,70"
Matayba domingensis,"0,70"
Matayba guianensis,"0,82"
Matayba inelegans,"0,82"
Matayba opaca,"0,82"
Matisia cordata,"0,37"
Matisia hirta,"0,61"
Matisia indet,"0,58"
Matisia ochrocalyx,"0,57"
Matisia rhombifolia,"0,54"
Mauria indet,"0,31"
Maytenus alaternoides,"0,75"
Maytenus boaria,"0,62"
Maytenus cuezzoi,"0,62"
Maytenus eggersii,"0,75"
Maytenus ficiformis,"0,67"
Maytenus ilicifolia,"0,73"
Maytenus indet,"0,71"
Maytenus krukovii,"0,75"
Maytenus laevis,"0,91"
Maytenus micrantha,"0,75"
Maytenus myrsinoides,"0,75"
Maytenus obtusifolia,"0,75"
Maytenus robusta,"0,77"
Maytenus sieberiana,"0,65"
Melanoxylon brauna,"1,04"
Melicoccus lepidopetalus,"0,98"
Meliosma panamensis,"0,41"
Meliosma selowii,"0,62"
Meriania urceolata,"0,49"
Metopium brownei,"0,60"
Metrodorea stipularis,"1,05"
Metteniusa nucifera,"0,60"
Mezilaurus crassiramea,"0,76"
Mezilaurus duckei,"0,67"
Mezilaurus itauba,"0,74"
Mezilaurus lindaviana,"0,68"
Mezilaurus navalium,"0,74"
Mezilaurus synandra,"0,93"
Miconia amazonica,"0,47"
Miconia calvescens,"0,42"
Miconia chrysophylla,"0,62"
Miconia cinnamomifolia,"0,73"
Miconia elaeagnoides,"0,75"
Miconia elata,"0,47"
Miconia holosericea,"0,62"
Miconia juruensis,"0,47"
Miconia lepidota,"0,75"
Miconia longifolia,"0,75"
Miconia mirabilis,"0,60"
Miconia myriantha,"0,75"
Miconia poeppigii,"0,60"
Miconia prasina,"0,71"
Miconia reducens,"0,62"
Miconia splendens,"0,66"
Miconia tomentosa,"0,71"
Miconia trinervia,"0,62"
Micrandra elata,"0,72"
Micrandra minor,"0,41"
Micrandra rossiana,"0,67"
Micrandra scleroxylon,"1,03"
Micrandra siphonioides,"0,58"
Micrandra spruceana,"0,60"
Microlobius foetidus,"0,71"
Micropholis egensis,"0,60"
Micropholis garciniifolia,"0,64"
Micropholis guyanensis,"0,66"
Micropholis humboldtiana,"0,60"
Micropholis indet,"0,61"
Micropholis melinoniana,"0,53"
Micropholis mensalis,"0,66"
Micropholis splendens,"0,88"
Micropholis venulosa,"0,67"
Micropholis williamii,"0,72"
Microplumeria anomala,"0,73"
Mimosa artemisiana,"0,91"
Mimosa bimucronata,"0,61"
Mimosa bracaatinga,"0,85"
Mimosa elata,"1,01"
Mimosa glutinosa,"0,97"
Mimosa obovata,"0,92"
Mimosa pigra,"0,73"
Mimosa scabrella,"0,56"
Mimosa tenuiflora,"1,12"
Minquartia guianensis,"0,80"
Moldenhawera floribunda,"0,81"
Mollia gracilis,"0,49"
Mollia lepidota,"0,49"
Mollia speciosa,"0,49"
Monopteryx uaucu,"0,73"
Moquinia polymorpha,"0,96"
Mora excelsa,"0,81"
Mora gonggrijpii,"0,80"
Mora megistosperma,"0,78"
Mora paraensis,"0,85"
Morinda panamensis,"0,49"
Moronobea coccinea,"0,83"
Morus alba,"0,55"
Mouriri acutiflora,"0,81"
Mouriri angulicosta,"0,90"
Mouriri barinensis,"0,79"
Mouriri brevipes,"0,78"
Mouriri collocarpa,"0,83"
Mouriri crassifolia,"0,90"
Mouriri dumetosa,"0,90"
Mouriri grandiflora,"0,90"
Mouriri huberi,"0,79"
Mouriri nigra,"0,90"
Mouriri pseudogeminata,"0,65"
Mouriri sagotiana,"0,90"
Mouriri sideroxylon,"0,88"
Muntingia calabura,"0,30"
Myrceugenia euosma,"0,74"
Myrcia amazonica,"0,82"
Myrcia fallax,"0,82"
Myrcia paivae,"0,77"
Myrcia pyrifolia,"0,82"
Myrcia rostrata,"0,87"
Myrcia splendens,"0,80"
Myrcia tomentosa,"0,82"
Myrcianthes mato,"0,69"
Myrcianthes pseudomato,"0,73"
Myrcianthes pungens,"0,91"
Myrciaria floribunda,"0,79"
Myrciaria indet,"0,53"
Myrica pubescens,"0,50"
Myricaria cauliflora,"0,98"
Myristica bicuhyba,"0,77"
Myrocarpus fastigiatus,"0,99"
Myrocarpus frondosus,"0,82"
Myroxylon balsamum,"0,78"
Myroxylon peruiferum,"0,82"
Myrsine coriacea,"0,59"
Myrsine flocculosa,"0,82"
Naucleopsis concinna,"0,67"
Naucleopsis guianensis,"0,65"
Naucleopsis ternstroemiiflora,"0,61"
Naucleopsis ulei,"0,67"
Nealchornea yapurensis,"0,61"
Nectandra amara,"0,78"
Nectandra amazonum,"0,63"
Nectandra angusta,"0,48"
Nectandra angustifolia,"0,47"
Nectandra cissiflora,"0,59"
Nectandra coriacea,"0,48"
Nectandra cuspidata,"0,52"
Nectandra globosa,"0,39"
Nectandra grandiflora,"0,61"
Nectandra hihua,"0,42"
Nectandra indet,"0,45"
Nectandra krugii,"0,50"
Nectandra mollis,"0,74"
Nectandra myriantha,"0,73"
Nectandra nitidula,"0,74"
Nectandra reticulata,"0,57"
Nectandra robusta,"0,71"
Nectandra rubra,"0,72"
Nectandra turbacensis,"0,54"
Neea divaricata,"0,49"
Neea floribunda,"0,62"
Neea krukovii,"0,77"
Neea madeirana,"0,55"
Neea oppositifolia,"0,89"
Neea ovalifolia,"0,77"
Neea tristis,"0,77"
Neoraimondia herzogiana,"0,54"
Newtonia psilostachya,"0,67"
Nothofagus alpina,"0,56"
Nothofagus antarctica,"0,52"
Nothofagus betuloides,"0,47"
Nothofagus dombeyi,"0,56"
Nothofagus indet,"0,49"
Nothofagus nervosa,"0,52"
Nothofagus obliqua,"0,59"
Nothofagus pumilio,"0,48"
Ochroma pyramidale,"0,14"
Ochthocosmus barrae,"0,73"
Ocotea aciphylla,"0,51"
Ocotea amazonica,"0,44"
Ocotea benthamiana,"0,45"
Ocotea brenesii,"0,51"
Ocotea canaliculata,"0,48"
Ocotea catharinensis,"0,75"
Ocotea ceanothifolia,"0,37"
Ocotea cernua,"0,32"
Ocotea costulata,"0,49"
Ocotea elegans,"0,62"
Ocotea fendleri,"0,46"
Ocotea floribunda,"0,40"
Ocotea fragrantissima,"0,53"
Ocotea glomerata,"0,51"
Ocotea guianensis,"0,53"
Ocotea indet,"0,43"
Ocotea leucoxylon,"0,46"
Ocotea minarum,"0,76"
Ocotea moschata,"0,61"
Ocotea myriantha,"0,61"
Ocotea neesiana,"0,55"
Ocotea nigra,"0,45"
Ocotea oblonga,"0,39"
Ocotea odorifera,"0,76"
Ocotea pauciflora,"0,59"
Ocotea percurrens,"0,52"
Ocotea petalanthera,"0,46"
Ocotea porosa,"0,60"
Ocotea pretiosa,"0,77"
Ocotea puberula,"0,43"
Ocotea pulchella,"0,65"
Ocotea rhynchophylla,"0,43"
Ocotea rodiei,"0,90"
Ocotea sassafras,"0,81"
Ocotea schomburgkiana,"0,65"
Ocotea spathulata,"0,62"
Ocotea spixiana,"0,66"
Ocotea splendens,"0,45"
Ocotea tarapotana,"0,77"
Ocotea tomentella,"0,46"
Oenocarpus bacaba,"0,65"
Omphalea diandra,"0,52"
Onychopetalum amazonicum,"0,62"
Onychopetalum lanceolatum,"0,65"
Oreopanax fulvum,"0,56"
Ormosia arborea,"0,70"
Ormosia cinerea,"0,58"
Ormosia coarctata,"0,60"
Ormosia coccinea,"0,63"
Ormosia costulata,"0,64"
Ormosia coutinhoi,"0,59"
Ormosia excelsa,"0,61"
Ormosia flava,"0,58"
Ormosia indet,"0,59"
Ormosia lignivalvis,"0,58"
Ormosia melanocarpa,"0,62"
Ormosia nobilis,"0,58"
Ormosia paraensis,"0,66"
Ormosia schunkei,"0,57"
Ormosia smithii,"0,71"
Ormosia stipularis,"0,58"
Osteophloeum platyspermum,"0,47"
Otoba gracilipes,"0,44"
Otoba indet,"0,38"
Otoba lehmannii,"0,39"
Otoba novogranatensis,"0,35"
Otoba parvifolia,"0,43"
Ouratea cardiosperma,"0,77"
Ouratea castaneifolia,"0,66"
Ouratea coccinea,"0,77"
Ouratea decagyna,"0,77"
Ouratea discophora,"0,79"
Ouratea polygyna,"0,77"
Ouratea sagotii,"0,77"
Ouratea spectabilis,"0,64"
Oxandra acuminata,"0,67"
Oxandra asbeckii,"0,77"
Oxandra espintana,"0,63"
Oxandra lanceolata,"0,82"
Oxandra riedeliana,"0,77"
Oxandra xylopioides,"0,77"
Pachira aquatica,"0,38"
Pachira brevipes,"0,56"
Pachira duckei,"0,56"
Pachira faroensis,"0,56"
Pachira insignis,"0,38"
Pachira minor,"0,56"
Pachira quinata,"0,43"
Pagamea coriacea,"0,56"
Pagamea guianensis,"0,57"
Palicourea crocea,"0,56"
Palicourea guianensis,"0,54"
Panopsis rubescens,"0,52"
Panopsis sessilifolia,"0,50"
Parahancornia amapa,"0,46"
Parahancornia fasciculata,"0,47"
Parahancornia peruviana,"0,52"
Parapiptadenia excelsa,"0,73"
Parapiptadenia pterosperma,"0,89"
Parapiptadenia rigida,"1,07"
Parathesis cubana,"0,62"
Parinari campestris,"0,71"
Parinari excelsa,"0,70"
Parinari indet,"0,68"
Parinari montana,"0,71"
Parinari pachyphylla,"0,69"
Parinari rodolphii,"0,72"
Parkia decussata,"0,78"
Parkia discolor,"0,64"
Parkia gigantocarpa,"0,26"
Parkia igneiflora,"0,47"
Parkia indet,"0,33"
Parkia multijuga,"0,40"
Parkia nitida,"0,38"
Parkia paraensis,"0,42"
Parkia pendula,"0,52"
Parkia platycephala,"0,76"
Parkia ulei,"0,38"
Parkia velutina,"0,44"
Parkinsonia aculeata,"0,60"
Parkinsonia praecox,"0,60"
Patagonula americana,"0,77"
Patagonula bahiensis,"0,88"
Pausandra trianae,"0,59"
Paypayrola grandiflora,"0,63"
Paypayrola guianensis,"0,58"
Peltogyne angustiflora,"0,80"
Peltogyne catingae,"0,81"
Peltogyne heterophylla,"0,87"
Peltogyne indet,"0,77"
Peltogyne lecointei,"0,76"
Peltogyne maranhensis,"0,69"
Peltogyne paniculata,"0,80"
Peltogyne paradoxa,"0,83"
Peltogyne porphyrocardia,"0,83"
Peltogyne purpurea,"0,75"
Peltogyne subsessilis,"0,76"
Peltogyne venosa,"0,77"
Peltophorum dubium,"0,74"
Pentaclethra macroloba,"0,67"
Pentapanax warmingianus,"0,41"
Pera arborea,"0,73"
Pera bicolor,"0,63"
Pera coccinea,"0,73"
Pera glabrata,"0,67"
Pera schomburgkiana,"0,57"
Perebea angustifolia,"0,52"
Perebea guianensis,"0,56"
Perebea mollis,"0,37"
Perebea xanthochyma,"0,56"
Peridiscus lucidus,"0,73"
Persea caerulea,"0,44"
Persea fragrans,"0,92"
Persea indet,"0,47"
Persea pyrifolia,"0,68"
Petitia domingensis,"0,66"
Phoebe elongata,"0,54"
Phoebe porosa,"0,76"
Phyllanthus brasiliensis,"0,58"
Phyllanthus salviifolius,"0,58"
Phyllostylon rhamnoides,"0,75"
Physocalymma scaberrimum,"0,85"
Phytolacca dioica,"0,26"
Pilgerodendron uviferum,"0,43"
Pimenta pseudocaryophyllus,"1,00"
Pinus caribaea,"0,56"
Pinus cupressoides,"0,40"
Pinus oocarpa,"0,58"
Pinus patula,"0,42"
Pinus radiata,"0,39"
Piper reticulatum,"0,33"
Piper tucumanum,"0,46"
Piptadenia gonoacantha,"0,72"
Piptadenia grata,"0,85"
Piptadenia obliqua,"0,84"
Piptadenia rigida,"0,81"
Piptadenia viridiflora,"0,86"
Piptocarpha rotundifolia,"0,65"
Piptocoma discolor,"0,47"
Piranhea longepedunculata,"0,91"
Piranhea trifoliolata,"0,84"
Piscidia carthagenensis,"0,80"
Pisonia zapallo,"0,35"
Pithecellobium adenophorum,"0,36"
Pithecellobium arboreum,"0,61"
Pithecellobium dulce,"0,68"
Pithecellobium latifolium,"0,36"
Pithecellobium saman,"0,53"
Pithecellobium scalare,"0,44"
Plathymenia reticulata,"0,50"
Platonia insignis,"0,72"
Platycyamus regnellii,"0,81"
Platymiscium floribundum,"0,89"
Platymiscium fragrans,"0,75"
Platymiscium indet,"0,84"
Platymiscium pinnatum,"0,74"
Platymiscium trinitatis,"0,86"
Platymiscium ulei,"0,75"
Platymiscium yucatanum,"0,83"
Platypodium elegans,"0,81"
Pleurothyrium parviflorum,"0,47"
Plinia rivularis,"0,95"
Podocarpus guatemalensis,"0,40"
Podocarpus indet,"0,50"
Podocarpus lambertii,"0,45"
Podocarpus nubigena,"0,43"
Podocarpus oleifolius,"0,45"
Podocarpus parlatorei,"0,43"
Podocarpus rospigliosii,"0,50"
Poecilandra retusa,"0,84"
Poecilanthe hostmannii,"0,62"
Poecilanthe parviflora,"0,99"
Poeppigia procera,"0,69"
Pogonophora schomburgkiana,"0,83"
Poraqueiba guianensis,"0,74"
Poraqueiba sericea,"0,78"
Porcelia macrocarpa,"0,76"
Porcelia nitidifolia,"0,40"
Posoqueria acutifolia,"0,70"
Posoqueria latifolia,"0,58"
Posoqueria longiflora,"0,46"
Poulsenia armata,"0,38"
Poupartia amazonica,"0,45"
Pourouma apiculata,"0,45"
Pourouma bicolor,"0,31"
Pourouma cecropiifolia,"0,36"
Pourouma guianensis,"0,38"
Pourouma hirsutipetiolata,"0,39"
Pourouma indet,"0,52"
Pourouma melinonii,"0,32"
Pourouma minor,"0,44"
Pourouma mollis,"0,39"
Pourouma tomentosa,"0,40"
Pourouma villosa,"0,34"
Pouteria ambelaniifolia,"0,70"
Pouteria anibifolia,"0,66"
Pouteria anomala,"0,69"
Pouteria arcuata,"0,60"
Pouteria atabapoensis,"0,45"
Pouteria benai,"0,88"
Pouteria bilocularis,"0,71"
Pouteria buenaventurensis,"0,56"
Pouteria caimito,"0,80"
Pouteria cladantha,"0,94"
Pouteria coriacea,"0,90"
Pouteria cuspidata,"0,90"
Pouteria durlandii,"0,58"
Pouteria egregia,"0,89"
Pouteria elegans,"0,73"
Pouteria engleri,"0,77"
Pouteria ephedrantha,"0,76"
Pouteria eugeniifolia,"1,11"
Pouteria filipes,"0,96"
Pouteria fissilis,"0,58"
Pouteria franciscana,"0,60"
Pouteria gardneri,"0,93"
Pouteria gardneriana,"0,63"
Pouteria glomerata,"0,72"
Pouteria gongrijpii,"0,80"
Pouteria grandiflora,"0,82"
Pouteria grandis,"0,93"
Pouteria guianensis,"0,93"
Pouteria hispida,"0,87"
Pouteria indet,"0,65"
Pouteria izabalensis,"0,55"
Pouteria macrocarpa,"0,77"
Pouteria macrophylla,"0,74"
Pouteria manaosensis,"0,64"
Pouteria melanopoda,"0,97"
Pouteria minima,"0,76"
Pouteria multiflora,"0,77"
Pouteria nemorosa,"0,44"
Pouteria oblanceolata,"0,79"
Pouteria obscura,"0,64"
Pouteria oppositifolia,"0,65"
Pouteria pachycalyx,"0,76"
Pouteria pachycarpa,"0,74"
Pouteria reticulata,"0,88"
Pouteria rivicoa,"0,77"
Pouteria sapota,"0,90"
Pouteria speciosa,"0,61"
Pouteria torta,"0,77"
Pouteria trigonosperma,"0,87"
Pouteria trilocularis,"0,67"
Pouteria venosa,"0,92"
Pouteria vernicosa,"0,74"
Pradosia cochlearia,"0,73"
Pradosia indet,"0,68"
Pradosia ptychandra,"0,65"
Pradosia schomburgkiana,"0,75"
Pradosia surinamensis,"0,81"
Priogymnanthus hasslerianus,"0,87"
Prioria copaifera,"0,41"
Prockia crucis,"0,58"
Prosopis affinis,"0,92"
Prosopis alba,"0,65"
Prosopis algarobilla,"0,92"
Prosopis alpataco,"0,67"
Prosopis caldenia,"0,56"
Prosopis chilensis,"0,72"
Prosopis juliflora,"0,75"
Prosopis kuntzei,"1,01"
Prosopis nigra,"0,73"
Prosopis pallida,"0,88"
Prosopis rubriflora,"0,80"
Prosopis ruscifolia,"0,84"
Protium altsonii,"0,68"
Protium amazonicum,"0,60"
Protium aracouchini,"0,49"
Protium brasiliense,"0,75"
Protium carnosum,"0,45"
Protium crassifolium,"0,49"
Protium crassipetalum,"0,65"
Protium crenatum,"0,54"
Protium cuneatum,"0,49"
Protium decandrum,"0,51"
Protium grandifolium,"0,64"
Protium guianense,"0,71"
Protium heptaphyllum,"0,63"
Protium indet,"0,55"
Protium llewelynii,"0,49"
Protium nodulosum,"0,49"
Protium opacum,"0,57"
Protium paniculatum,"0,49"
Protium paraense,"0,51"
Protium pedicellatum,"0,49"
Protium polybotryum,"0,69"
Protium sagotianum,"0,56"
Protium spruceanum,"0,56"
Protium subserratum,"0,55"
Protium tenuifolium,"0,58"
Protium trifoliolatum,"0,69"
Protium unifoliolatum,"0,33"
Prumnopitys harmsiana,"0,53"
Prunus myrtifolia,"0,74"
Prunus sellowii,"0,92"
Prunus sphaerocarpa,"0,74"
Prunus tucumanensis,"0,61"
Pseudima frutescens,"0,80"
Pseudobombax ellipticum,"0,34"
Pseudobombax grandiflorum,"0,39"
Pseudobombax marginatum,"0,32"
Pseudobombax munguba,"0,25"
Pseudobombax septenatum,"0,26"
Pseudobombax simplicifolium,"0,22"
Pseudolmedia laevigata,"0,63"
Pseudolmedia laevis,"0,62"
Pseudolmedia macrophylla,"0,66"
Pseudolmedia rigida,"0,64"
Pseudomalmea diclina,"0,81"
Pseudopiptadenia pittieri,"0,61"
Pseudopiptadenia suaveolens,"0,68"
Pseudoxandra polyphleba,"0,37"
Psidium acutangulum,"0,91"
Psidium cattleianum,"1,12"
Psidium guajava,"0,71"
Psidium ilex,"0,99"
Psychotria apoda,"0,52"
Psychotria hazenii,"0,52"
Pterocarpus indet,"0,62"
Pterocarpus officinalis,"0,43"
Pterocarpus rohrii,"0,46"
Pterocarpus santalinoides,"0,53"
Pterocarpus vernalis,"0,49"
Pterodon emarginatus,"0,91"
Pterogyne nitens,"0,69"
Pterygota amazonica,"0,56"
Pterygota indet,"0,62"
Ptychopetalum olacoides,"0,66"
Qualea acuminata,"0,65"
Qualea albiflora,"0,57"
Qualea brevipedicellata,"0,69"
Qualea coerulea,"0,60"
Qualea dinizii,"0,60"
Qualea gracilior,"0,58"
Qualea homosepala,"0,69"
Qualea impexa,"0,65"
Qualea implexa,"0,57"
Qualea indet,"0,55"
Qualea lancifolia,"0,58"
Qualea megalocarpa,"1,01"
Qualea multiflora,"0,71"
Qualea paraensis,"0,69"
Qualea rosea,"0,58"
Qualea tricolor,"0,65"
Quararibea asterolepis,"0,45"
Quararibea bicolor,"0,49"
Quararibea guianensis,"0,56"
Quararibea wittii,"0,47"
Quassia amara,"0,47"
Quercus costaricensis,"0,61"
Quercus indet,"0,70"
Quercus salicifolia,"0,67"
Quiina albiflora,"0,95"
Quiina amazonica,"0,92"
Quiina florida,"0,73"
Quiina obovata,"0,85"
Ramisia brasiliensis,"0,62"
Randia armata,"0,67"
Rapanea laetevirens,"0,52"
Rapanea umbellata,"0,86"
Raputia alba,"0,75"
Raputia magnifica,"1,12"
Rauvolfia paraensis,"0,55"
Rauvolfia praecox,"0,46"
Recordoxylon amazonicum,"0,80"
Recordoxylon speciosum,"0,80"
Remijia amazonica,"0,56"
Rhabdodendron macrophyllum,"0,80"
Rhizophora harrisonii,"0,88"
Rhizophora mangle,"0,89"
Rhizophora racemosa,"0,88"
Rhodostemonodaphne grandis,"0,39"
Rhodostemonodaphne praeclara,"0,40"
Richeria grandis,"0,58"
Rinorea flavescens,"0,63"
Rinorea guianensis,"0,78"
Rinorea paniculata,"0,75"
Rinorea pectino-squamata,"0,61"
Rinorea pubiflora,"0,75"
Rinorea racemosa,"0,68"
Rinorea ulmifolia,"0,75"
Rinorea viridifolia,"0,52"
Robinia coccinea,"0,61"
Rollinia annonoides,"0,32"
Rollinia exsucca,"0,37"
Rollinia insignis,"0,43"
Rollinia mucosa,"0,32"
Rollinia sericea,"0,47"
Roucheria calophylla,"0,88"
Roucheria columbiana,"0,77"
Roupala brasiliensis,"0,90"
Roupala glabrata,"0,83"
Roupala montana,"0,73"
Ruagea insignis,"0,47"
Rudgea viburnoides,"0,57"
Ruizterania albiflora,"0,58"
Ruizterania retusa,"0,71"
Ruprechtia apetala,"0,66"
Ruprechtia exploratricis,"0,70"
Ruprechtia laxiflora,"0,59"
Ruprechtia triflora,"0,62"
Saccellium brasiliense,"0,92"
Sacoglottis cydonioides,"0,78"
Sacoglottis guianensis,"0,84"
Sacoglottis mattogrossensis,"0,77"
Sacoglottis procera,"0,69"
Sagotia racemosa,"0,58"
Salacia elliptica,"0,76"
Salix chilensis,"0,40"
Salvertia convallariodora,"0,65"
Sambucus mexicana,"0,45"
Sambucus peruviana,"0,43"
Sandoricum koetjape,"0,56"
Sandwithia guyanensis,"0,74"
Sapindus divaricatus,"0,60"
Sapindus saponaria,"0,67"
Sapium glandulosum,"0,42"
Sapium haematospermum,"0,33"
Sapium indet,"0,47"
Sapium jenmanii,"0,44"
Sapium laurocerasus,"0,38"
Sapium marmieri,"0,41"
Sapium stylare,"0,47"
Sarcaulus brasiliensis,"0,62"
Saxegothaea conspicua,"0,50"
Schefflera decaphylla,"0,45"
Schefflera morototoni,"0,45"
Schefflera rodriguesiana,"0,43"
Schinopsis balansae,"1,07"
Schinopsis brasiliensis,"1,23"
Schinopsis haenkeana,"1,00"
Schinopsis indet,"1,00"
Schinopsis quebracho-colorado,"0,99"
Schinus johnstonii,"0,71"
Schinus meyeri,"0,53"
Schistostemon retusum,"1,00"
Schizolobium amazonicum,"0,49"
Schizolobium parahyba,"0,35"
Schizolobium robustum,"0,43"
Sclerolobium albiflorum,"0,37"
Sclerolobium aureum,"0,70"
Sclerolobium chrysophyllum,"0,62"
Sclerolobium denudatum,"0,63"
Sclerolobium indet,"0,44"
Sclerolobium melanocarpum,"0,61"
Sclerolobium melinonii,"0,50"
Sclerolobium micranthum,"0,44"
Sclerolobium micropetalum,"0,45"
Sclerolobium paraense,"0,69"
Sclerolobium poeppigianum,"0,65"
Sclerolobium rugosum,"0,69"
Sclerolobium setiferum,"0,51"
Scleronema micranthum,"0,62"
Scleronema praecox,"0,59"
Scutia buxifolia,"0,91"
Sebastiania brasiliensis,"0,67"
Sebastiania commersoniana,"0,64"
Securinega guaraiuva,"0,90"
Seguieria langsdorffii,"0,59"
Senefeldera inclinata,"0,70"
Senefeldera macrophylla,"0,86"
Senna multijuga,"0,58"
Senna racemosa,"0,54"
Senna reticulata,"0,45"
Senna siamea,"0,65"
Septotheca tessmannii,"0,59"
Sesbania grandiflora,"0,41"
Sextonia rubra,"0,55"
Sideroxylon obovatum,"0,86"
Sideroxylon obtusifolium,"0,78"
Simaba cedron,"0,47"
Simaba multiflora,"0,34"
Simaba orinocensis,"0,42"
Simarouba amara,"0,38"
Simarouba versicolor,"0,44"
Simira ecuadorensis,"0,80"
Simira indet,"0,59"
Simira rubescens,"0,80"
Simira salvadorensis,"0,52"
Simira tinctoria,"0,67"
Siparuna cuspidata,"0,66"
Siparuna decipiens,"0,64"
Siparuna poeppigii,"0,69"
Sloanea berteriana,"0,80"
Sloanea echinocarpa,"0,77"
Sloanea eichleri,"0,75"
Sloanea fragrans,"0,47"
Sloanea grandiflora,"0,81"
Sloanea guianensis,"0,82"
Sloanea laurifolia,"0,82"
Sloanea megacarpa,"0,86"
Sloanea monosperma,"0,88"
Sloanea nitida,"0,96"
Sloanea robusta,"0,86"
Sloanea schomburgkii,"0,87"
Sloanea synandra,"0,65"
Solanum acanthodes,"0,32"
Solanum aphyodendron,"0,55"
Solanum crinitum,"0,24"
Solanum granuloso-leprosum,"0,40"
Solanum pseudoquina,"0,53"
Solanum umbellatum,"0,49"
Sorocea bonplandii,"0,62"
Sorocea briquetii,"0,60"
Spachea elegans,"0,60"
Sparattosperma leucanthum,"0,57"
Spathodea campanulata,"0,22"
Spondias mombin,"0,39"
Stachyarrhena acuminata,"0,82"
Sterculia aerisperma,"0,62"
Sterculia apeibophylla,"0,47"
Sterculia apetala,"0,41"
Sterculia excelsa,"0,51"
Sterculia frondosa,"0,47"
Sterculia glabrifolia,"0,45"
Sterculia pilosa,"0,52"
Sterculia pruriens,"0,49"
Sterculia recordiana,"0,55"
Sterculia rugosa,"0,48"
Sterculia speciosa,"0,51"
Sterigmapetalum obovatum,"0,77"
Stifftia parviflora,"0,62"
Strychnos erichsonii,"0,54"
Strychnos glabra,"0,54"
Strychnos rondeletioides,"0,54"
Strychnos sandwithiana,"0,54"
Stryphnodendron adstringens,"1,19"
Stryphnodendron guianense,"0,57"
Stryphnodendron microstachyum,"0,36"
Stryphnodendron paniculatum,"0,65"
Stryphnodendron polystachyum,"0,46"
Stryphnodendron pulcherrimum,"0,48"
Stryphnodendron racemiferum,"0,75"
Stylogyne ambigua,"0,43"
Stylogyne cauliflora,"0,54"
Styrax guyanensis,"0,34"
Styrax leprosus,"0,41"
Swartzia arborescens,"0,83"
Swartzia argentea,"0,86"
Swartzia bannia,"1,01"
Swartzia benthamiana,"0,74"
Swartzia brachyrachis,"0,90"
Swartzia corrugata,"1,06"
Swartzia cubensis,"0,91"
Swartzia cuspidata,"0,68"
Swartzia euxylophora,"0,65"
Swartzia fasciata,"0,65"
Swartzia grandifolia,"1,03"
Swartzia guianensis,"0,73"
Swartzia indet,"0,95"
Swartzia ingifolia,"0,82"
Swartzia jorori,"0,48"
Swartzia laevicarpa,"0,61"
Swartzia laxiflora,"0,90"
Swartzia leblondii,"0,83"
Swartzia leiocalycina,"0,97"
Swartzia longicarpa,"0,77"
Swartzia macrostachya,"0,92"
Swartzia myrtifolia,"0,90"
Swartzia oblanceolata,"0,86"
Swartzia oblata,"0,92"
Swartzia panacoco,"0,92"
Swartzia pinnata,"0,90"
Swartzia polyphylla,"0,69"
Swartzia recurva,"0,89"
Swartzia remiger,"0,84"
Swartzia tomentifera,"0,90"
Swartzia tomentosa,"0,96"
Swartzia ulei,"1,00"
Sweetia fruticosa,"0,78"
Swietenia humilis,"0,54"
Swietenia macrophylla,"0,53"
Symmeria paniculata,"0,67"
Symphonia globulifera,"0,62"
Symplocos reflexa,"0,49"
Syzygium jambos,"0,70"
Tabebuia aurea,"0,76"
Tabebuia avellanedae,"0,81"
Tabebuia barbata,"0,70"
Tabebuia billbergii,"0,92"
Tabebuia capitata,"0,92"
Tabebuia cassinoides,"0,39"
Tabebuia chrysantha,"1,00"
Tabebuia donnell-smithii,"0,40"
Tabebuia fluviatilis,"0,58"
Tabebuia guayacan,"0,82"
Tabebuia heptaphylla,"0,87"
Tabebuia heterophylla,"0,57"
Tabebuia impetiginosa,"0,90"
Tabebuia incana,"0,94"
Tabebuia indet,"0,67"
Tabebuia insignis,"0,53"
Tabebuia lapacho,"0,54"
Tabebuia nodosa,"0,69"
Tabebuia obscura,"1,21"
Tabebuia ochracea,"0,92"
Tabebuia pallida,"0,58"
Tabebuia pedicellata,"0,92"
Tabebuia rosea,"0,52"
Tabebuia serratifolia,"0,92"
Tabebuia stenocalyx,"0,56"
Tabebuia vellosoi,"0,99"
Tabernaemontana attenuata,"0,51"
Tabernaemontana australis,"0,34"
Tabernaemontana cymosa,"0,47"
Tabernaemontana flavicans,"0,49"
Tabernaemontana psychotriaefolia,"0,39"
Tabernaemontana undulata,"0,59"
Tachigali cavipes,"0,56"
Tachigali chrysophylla,"0,54"
Tachigali colombiana,"0,49"
Tachigali guianensis,"0,63"
Tachigali hypoleuca,"0,71"
Tachigali micrantha,"0,41"
Tachigali multijuga,"0,55"
Tachigali myrmecophila,"0,48"
Tachigali paniculata,"0,55"
Tachigali peruviana,"0,76"
Tachigali polyphylla,"0,64"
Tachigali setifera,"0,67"
Talipariti elatum,"0,60"
Talipariti tiliaceum,"0,52"
Talisia elephantipes,"0,45"
Talisia esculenta,"0,91"
Talisia megaphylla,"0,86"
Talisia microphylla,"0,82"
Talisia pedicellaris,"0,86"
Talisia reticulata,"0,88"
Talisia squarrosa,"0,86"
Talisia sylvatica,"0,86"
Tapirira guianensis,"0,46"
Tapirira obtusa,"0,29"
Tapura acreana,"0,62"
Tapura capitulifera,"0,72"
Tapura guianensis,"0,58"
Taralea oppositifolia,"0,90"
Tecoma azaliaceae,"1,03"
Tecoma curialis,"0,92"
Tecoma insignis,"0,98"
Tecoma peroba,"0,66"
Tecoma stans,"0,47"
Terminalia acuminata,"0,96"
Terminalia amazonia,"0,68"
Terminalia argentea,"0,81"
Terminalia australis,"0,56"
Terminalia brasiliensis,"0,77"
Terminalia catappa,"0,48"
Terminalia dichotoma,"0,71"
Terminalia fagifolia,"1,00"
Terminalia guyanensis,"0,71"
Terminalia indet,"0,67"
Terminalia kuhlmannii,"0,79"
Terminalia lucida,"0,65"
Terminalia oblonga,"0,70"
Terminalia triflora,"0,75"
Ternstroemia brasiliensis,"0,47"
Ternstroemia browniana,"0,69"
Ternstroemia congestiflora,"0,60"
Ternstroemia dentata,"0,69"
Tessaria integrifolia,"0,30"
Tetragastris altissima,"0,71"
Tetragastris balsamifera,"0,65"
Tetragastris hostmannii,"0,72"
Tetragastris indet,"0,71"
Tetragastris panamensis,"0,73"
Tetrathylacium macrophyllum,"0,62"
Theobroma cacao,"0,42"
Theobroma obovatum,"0,47"
Theobroma speciosum,"0,63"
Theobroma subincanum,"0,47"
Theobroma sylvestre,"0,67"
Thespesia populnea,"0,64"
Thyrsodium guianense,"0,65"
Thyrsodium spruceanum,"0,64"
Tibouchina candolleana,"0,61"
Tibouchina mutabilis,"0,66"
Tilia moltkei,"0,47"
Tipuana tipu,"0,59"
Tocoyena williamsii,"0,62"
Toulicia eriocarpa,"0,60"
Toulicia guianensis,"0,72"
Toulicia laevigata,"0,90"
Toulicia pulvinata,"0,62"
Tournefortia fuliginosa,"0,47"
Touroulia guianensis,"0,76"
Tovomita carinata,"0,41"
Tovomita choisyana,"0,58"
Tovomita gracilipes,"0,86"
Tovomita guianensis,"0,60"
Tovomita macrophylla,"0,86"
Tovomita umbellata,"0,86"
Trattinnickia burserifolia,"0,46"
Trattinnickia demerarae,"0,42"
Trattinnickia glaziovii,"0,52"
Trattinnickia lawrancei,"0,45"
Trattinnickia peruviana,"0,56"
Trattinnickia rhoifolia,"0,45"
Trema integerrima,"0,30"
Trema micrantha,"0,25"
Trichanthera gigantea,"0,45"
Trichilia canjerana,"0,77"
Trichilia catigua,"0,69"
Trichilia hirta,"0,60"
Trichilia indet,"0,69"
Trichilia japurensis,"0,61"
Trichilia lecointei,"0,90"
Trichilia maynasiana,"0,69"
Trichilia micrantha,"0,61"
Trichilia pallida,"0,71"
Trichilia pleeana,"0,62"
Trichilia quadrijuga,"0,55"
Trichilia rolfoi,"0,79"
Trichilia rubra,"0,59"
Trichilia schomburgkii,"0,69"
Trichilia silvatica,"0,84"
Trichilia surinamensis,"0,46"
Trichospermum galeottii,"0,20"
Triplaris americana,"0,49"
Triplaris cumingiana,"0,52"
Triplaris gardneriana,"0,63"
Triplaris guayaquilensis,"0,53"
Triplaris indet,"0,56"
Triplaris peruviana,"0,52"
Triplaris poeppigiana,"0,49"
Triplaris weigeltiana,"0,49"
Trophis caucana,"0,47"
Trophis indet,"0,49"
Trophis racemosa,"0,56"
Trymatococcus amazonicus,"0,66"
Trymatococcus oligandrus,"0,61"
Turpinia occidentalis,"0,34"
Unonopsis floribunda,"0,42"
Unonopsis glaucopetala,"0,62"
Unonopsis guatterioides,"0,52"
Unonopsis rufescens,"0,61"
Unonopsis spectabilis,"0,62"
Unonopsis stipitata,"0,69"
Unonopsis veneficiorum,"0,44"
Urera baccifera,"0,17"
Urera caracasana,"0,23"
Vantanea compacta,"0,91"
Vantanea macrocarpa,"0,83"
Vantanea micrantha,"0,98"
Vantanea paraensis,"0,77"
Vantanea parviflora,"0,83"
Vassobia breviflora,"0,55"
Vatairea guianensis,"0,67"
Vatairea indet,"0,60"
Vatairea lundellii,"0,64"
Vatairea macrocarpa,"0,79"
Vatairea paraensis,"0,71"
Vatairea sericea,"0,67"
Vataireopsis araroba,"0,68"
Vataireopsis speciosa,"0,65"
Vataireopsis surinamensis,"0,57"
Vernonanthura patens,"0,54"
Viburnum seemenii,"0,54"
Virola albidiflora,"0,45"
Virola bicuhyba,"0,56"
Virola caducifolia,"0,46"
Virola calophylla,"0,47"
Virola carinata,"0,51"
Virola elongata,"0,52"
Virola flexuosa,"0,51"
Virola gardneri,"0,45"
Virola indet,"0,47"
Virola koschnyi,"0,43"
Virola kukachkana,"0,32"
Virola michelii,"0,47"
Virola multicostata,"0,45"
Virola multinervia,"0,62"
Virola oleifera,"0,61"
Virola pavonis,"0,59"
Virola reidii,"0,35"
Virola sebifera,"0,46"
Virola surinamensis,"0,41"
Virola venosa,"0,62"
Virola weberbaueri,"0,45"
Vismia baccifera,"0,43"
Vismia brasiliensis,"0,64"
Vismia cayennensis,"0,49"
Vismia guianensis,"0,48"
Vismia latifolia,"0,43"
Vismia macrophylla,"0,49"
Vitex cymosa,"0,56"
Vitex divaricata,"0,62"
Vitex excelsa,"0,52"
Vitex gaumeri,"0,56"
Vitex gigantea,"0,52"
Vitex indet,"0,56"
Vitex megapotamica,"0,81"
Vitex montevidensis,"0,84"
Vitex orinocensis,"0,53"
Vitex stahelii,"0,58"
Vochysia aurantiaca,"0,39"
Vochysia bifalcata,"0,50"
Vochysia braceliniae,"0,39"
Vochysia cayennensis,"0,37"
Vochysia cinnamomea,"0,75"
Vochysia densiflora,"0,36"
Vochysia divergens,"0,53"
Vochysia ferruginea,"0,42"
Vochysia guatemalensis,"0,39"
Vochysia guianensis,"0,51"
Vochysia haenkeana,"0,60"
Vochysia indet,"0,46"
Vochysia lanceolata,"0,52"
Vochysia lehmannii,"0,44"
Vochysia macrophylla,"0,36"
Vochysia magnifica,"0,78"
Vochysia maxima,"0,50"
Vochysia melinonii,"0,51"
Vochysia neyratii,"0,47"
Vochysia obidensis,"0,50"
Vochysia speciosa,"0,47"
Vochysia surinamensis,"0,60"
Vochysia tetraphylla,"0,47"
Vochysia thyrsoidea,"0,58"
Vochysia tomentosa,"0,38"
Vouacapoua americana,"0,79"
Vouacapoua macropetala,"0,79"
Vouacapoua pallidior,"0,90"
Vouarana guianensis,"0,84"
Wallacea insignis,"0,65"
Warszewiczia coccinea,"0,56"
Warszewiczia cordata,"0,58"
Weinmannia trichosperma,"0,52"
Xylopia amazonica,"0,79"
Xylopia aromatica,"0,56"
Xylopia benthamii,"0,60"
Xylopia brasiliensis,"0,70"
Xylopia columbiana,"0,51"
Xylopia cuspidata,"0,51"
Xylopia discreta,"0,52"
Xylopia emarginata,"0,59"
Xylopia frutescens,"0,59"
Xylopia indet,"0,50"
Xylopia ligustrifolia,"0,60"
Xylopia nitida,"0,55"
Xylopia parviflora,"0,60"
Xylopia polyantha,"0,60"
Xylopia surinamensis,"0,60"
Xylosma longipetiolata,"0,62"
Xylosma pubescens,"0,59"
Zanthoxylum apiculatum,"0,42"
Zanthoxylum caribaeum,"0,55"
Zanthoxylum coco,"0,50"
Zanthoxylum fagara,"0,65"
Zanthoxylum flavum,"0,74"
Zanthoxylum hermaphroditum,"0,71"
Zanthoxylum indet,"0,47"
Zanthoxylum martinicense,"0,60"
Zanthoxylum monogynum,"0,90"
Zanthoxylum pentandrum,"0,67"
Zanthoxylum quinduense,"0,70"
Zanthoxylum regnellianum,"0,50"
Zanthoxylum rhoifolium,"0,57"
Zanthoxylum rigidum,"0,64"
Zeyheria tuberculosa,"0,77"
Ziziphus cinnamomum,"0,84"
Ziziphus itacaiunensis,"0,80"
Ziziphus mistol,"0,87"
Ziziphus thyrsiflora,"0,88"
Zollernia ilicifolia,"1,05"
Zollernia latifolia,"0,99"
Zollernia paraensis,"0,99"
Zygia coccinea,"0,69"
Zygia juruana,"0,69"
Zygia latifolia,"0,75"
Zygia longifolia,"0,71"
Zygia racemosa,"0,75"
Zygia selloi,"1,33"